238538009,Eczema (disorder),2711412012,Preferred,0
238538009,Eczema,357501019,Preferred,0
238538009,Dermatitis,357502014,Acceptable,0
238538009,Eczema (disorder),2711412012,Preferred,1
238538009,Eczema,357501019,Preferred,1
238538009,Dermatitis,357502014,Acceptable,1
43116000,Eczema (disorder),1203151017,Preferred,2
43116000,Eczema,71923017,Preferred,2
156326000,Eczema (disorder),2725943015,Preferred,3
156326000,Eczema,243873018,Preferred,3
156326000,Eczema (disorder),2725943015,Preferred,4
156326000,Eczema,243873018,Preferred,4
200885007,Eczema: [discoid] or [NOS] (disorder),2714344011,Preferred,5
200885007,Eczema: [discoid] or [NOS],308626010,Preferred,5
200885007,Discoid eczema,308627018,Acceptable,5
200885007,Eczema NOS,308628011,Acceptable,5
367123008,Dry eczema (disorder),2760156013,Preferred,6
367123008,Dry eczema,490688010,Preferred,6
267847004,Dermatitis &/or eczemas NOS (disorder),2751176012,Preferred,7
267847004,Dermatitis &/or eczemas NOS,400044015,Preferred,7
267847004,Dermatitis NOS,400045019,Acceptable,7
267847004,Dermatitis/eczemas NOS,400046018,Acceptable,7
267847004,Eczema NOS,400047010,Acceptable,7
267797006,Eczema NOS (disorder),660458012,Preferred,8
267797006,Eczema NOS,399917015,Preferred,8
402235003,Eczematous cheilitis (disorder),1770159017,Preferred,9
402235003,Eczematous cheilitis,1781402011,Preferred,9
402235003,Lip eczema,1787534012,Acceptable,9
160407004,Family history: Eczema (situation),2607176013,Preferred,10
160407004,FH: Eczema,250073013,Preferred,10
160407004,Family history: Eczema,2667846010,Acceptable,10
156358005,Dermatitis &/or eczemas NOS (disorder),2714969015,Preferred,11
156358005,Dermatitis &/or eczemas NOS,243932015,Preferred,11
156358005,Dermatitis NOS,243930011,Acceptable,11
156358005,Dermatitis/eczemas NOS,243929018,Acceptable,11
156358005,Eczema NOS,243931010,Acceptable,11
684861000000105,Eczema NOS (disorder),1499821000000115,Preferred,12
684861000000105,Eczema NOS,1499831000000118,Preferred,12
367123008,Dry eczema (disorder),,Preferred,13
367123008,Dry eczema,490688010,Preferred,13
135841008,Dry eczema (disorder),514350012,Preferred,14
135841008,Dry eczema,216601017,Preferred,14
137802005,FH: Eczema (situation),,Preferred,15
137802005,FH: Eczema,218991015,Preferred,15
137802005,FH: Eczema (situation),2728444016,Preferred,16
137802005,FH: Eczema,218991015,Preferred,16
200887004,Hand eczema (disorder),2720906015,Preferred,17
200887004,Hand eczema,308630013,Preferred,17
238539001,,627433017,Preferred,18
238539001,Hand eczema,357504010,Preferred,18
238539001,Dermatitis of hand,2921043010,Acceptable,18
238539001,Hand dermatitis,357503016,Acceptable,18
402234004,Foot eczema (disorder),1770158013,Preferred,19
402234004,Foot eczema,1781401016,Preferred,19
402234004,Eczema of foot,2477046015,Acceptable,19
255421000,Eczematized (qualifier value),646458014,Preferred,20
255421000,Eczematised,380626014,Preferred,20
255421000,Eczematized,380625013,Acceptable,20
255421000,Eczematized (qualifier value),646458014,Preferred,21
255421000,Eczematised,380626014,Preferred,21
255421000,Eczematized,380625013,Acceptable,21
161561009,History of eczema (situation),2986891016,Preferred,22
161561009,H/O: eczema,251783011,Preferred,22
161561009,History of eczema,2986315016,Acceptable,22
138829002,H/O: eczema (situation),2731742015,Preferred,23
138829002,H/O: eczema,220247011,Preferred,23
138829002,H/O: eczema (situation),2731742015,Preferred,24
138829002,H/O: eczema,220247011,Preferred,24
43116000,Eczema (disorder),1203151017,Preferred,25
43116000,Eczema,71923017,Preferred,25
200887004,Hand eczema (disorder),2720906015,Preferred,26
200887004,Hand eczema,308630013,Preferred,26
55012006,Acute eczema (disorder),,Preferred,27
55012006,Acute eczema,91457013,Preferred,27
55012006,Erythematous eczema,91458015,Acceptable,27
55012006,Erythrodermic eczema,497107016,Acceptable,27
55012006,Exfoliative dermatitis,497108014,Acceptable,27
396348002,Acute eczema (disorder),1764265015,Preferred,28
396348002,Acute eczema,1776300012,Preferred,28
290100003,Nipple eczema (finding),2737685012,Preferred,29
290100003,Nipple eczema,430094018,Preferred,29
290100003,Nipple eczema (finding),2737685012,Preferred,30
290100003,Nipple eczema,430094018,Preferred,30
35498005,Stasis dermatitis (disorder),767143011,Preferred,31
35498005,Stasis dermatitis,59231017,Preferred,31
35498005,Gravitational eczema,486191017,Acceptable,31
35498005,Stasis eczema,59233019,Acceptable,31
35498005,Stasis dermatitis (disorder),767143011,Preferred,32
35498005,Stasis dermatitis,59231017,Preferred,32
35498005,Gravitational eczema,486191017,Acceptable,32
35498005,Stasis eczema,59233019,Acceptable,32
402236002,Vulval eczema (disorder),1770160010,Preferred,33
402236002,Vulval eczema,1781403018,Preferred,33
402236002,Vulval dermatitis,1787535013,Acceptable,33
400051008,Senile asteatotic eczema (disorder),1767971014,Preferred,34
400051008,Senile asteatotic eczema,1779321011,Preferred,34
400051008,Winter eczema,1787077018,Acceptable,34
43523005,Facial eczema (disorder),780546016,Preferred,35
43523005,Facial eczema,72583011,Preferred,35
43523005,Pithomycotoxicosis,72584017,Acceptable,35
261852004,Asteatotic eczema (disorder),653778016,Preferred,36
261852004,Asteatotic eczema,389732015,Preferred,36
261852004,Eczema craquel,389733013,Acceptable,36
261852004,Eczema craquele,389735018,Acceptable,36
261852004,Winter eczema,389736017,Acceptable,36
261852004,Xerotic eczema,389734019,Acceptable,36
140662007,Nipple eczema (disorder),2741189010,Preferred,37
140662007,Nipple eczema,222721010,Preferred,37
366362000,Varicose eczema (disorder),772847019,Preferred,38
366362000,Varicose eczema,489882019,Preferred,38
366362000,Varicose dermatitis,3033492018,Acceptable,38
366362000,Venous eczema,489883012,Acceptable,38
163455003,Nipple eczema (finding),2721696019,Preferred,39
163455003,Nipple eczema,254643013,Preferred,39
163455003,Nipple eczema (finding),2721696019,Preferred,40
163455003,Nipple eczema,254643013,Preferred,40
36259009,Eczematous dermatitis of eyelid (disorder),767989015,Preferred,41
36259009,Eczematous dermatitis of eyelid,60515015,Preferred,41
36259009,Eczema of eyelid,60516019,Acceptable,41
36259009,Eyelid eczema,486411010,Acceptable,41
24079001,Atopic dermatitis (disorder),753674011,Preferred,42
24079001,Atopic dermatitis,40423010,Preferred,42
24079001,AD - Atopic dermatitis,1223210015,Acceptable,42
24079001,Allergic dermatitis,40430016,Acceptable,42
24079001,Allergic eczema,40427011,Acceptable,42
24079001,Atopic eczema,40426019,Acceptable,42
24079001,Disseminated neurodermatitis,40432012,Acceptable,42
140662007,Nipple eczema (disorder),2741189010,Preferred,43
140662007,Nipple eczema,222721010,Preferred,43
309258000,Eczema of leg (disorder),705745019,Preferred,44
309258000,Eczema of leg,452626014,Preferred,44
40275004,Contact dermatitis (disorder),776887010,Preferred,45
40275004,Contact dermatitis,63652013,Preferred,45
40275004,CD - Contact dermatitis,1229630018,Acceptable,45
40275004,Contact eczema,1494721011,Acceptable,45
40275004,Dermatitis venenata,63654014,Acceptable,45
267842005,Contact dermatitis/eczema (& [allergic eczema - extrinsic] or [occupational eczema]),660509011,Preferred,46
267842005,Contact dermatitis/eczema (& [allergic eczema - extrinsic] or [occupational eczema]),400018015,Preferred,46
267842005,Allergic eczema - extrinsic,400025010,Acceptable,46
267842005,Contact dermatitis,400024014,Acceptable,46
267842005,Contact dermatitis/eczema,400026011,Acceptable,46
267842005,Contact eczema,400019011,Acceptable,46
267842005,Dermatitis - contact,400023015,Acceptable,46
267842005,Eczema - contact,400022013,Acceptable,46
267842005,Extrinsic allergic eczema,400020017,Acceptable,46
267842005,Occupational eczema,400021018,Acceptable,46
261852004,Asteatotic eczema (disorder),653778016,Preferred,47
261852004,Asteatotic eczema,389732015,Preferred,47
261852004,Eczema craquel,389733013,Acceptable,47
261852004,Eczema craquele,389735018,Acceptable,47
261852004,Winter eczema,389736017,Acceptable,47
261852004,Xerotic eczema,389734019,Acceptable,47
44256003,Chronic eczema (disorder),781363013,Preferred,48
44256003,Chronic eczema,73816013,Preferred,48
238593003,Papular eczema with elimination of papillary edema (disorder),627494014,Preferred,49
238593003,Papular eczema with elimination of papillary oedema,357600010,Preferred,49
238593003,PEEPO - Papular eruption with elimination of papillary edema,357602019,Acceptable,49
238593003,PEEPO - Papular eruption with elimination of papillary oedema,357599012,Acceptable,49
238593003,Papular eczema,357597014,Acceptable,49
238593003,Papular eczema with elimination of papillary edema,357603012,Acceptable,49
238593003,Papular eruption with elimination of papillary edema,357601014,Acceptable,49
238593003,Papular eruption with elimination of papillary oedema,357598016,Acceptable,49
123702007,Scaling eczema (disorder),726688016,Preferred,50
123702007,Scaling eczema,192191015,Preferred,50
123702007,Desquamative eczema,203386017,Acceptable,50
123702007,Desquamative eczematous dermatitis,203385018,Acceptable,50
123702007,Exfoliative dermatitis,1784701019,Acceptable,50
123702007,Exfoliative eczema,203384019,Acceptable,50
123702007,Exfoliative eczematous dermatitis,203383013,Acceptable,50
123702007,Scaling eczematous dermatitis,203382015,Acceptable,50
261852004,Asteatotic eczema (disorder),653778016,Preferred,51
261852004,Asteatotic eczema,389732015,Preferred,51
261852004,Eczema craquel,389733013,Acceptable,51
261852004,Eczema craquele,389735018,Acceptable,51
261852004,Winter eczema,389736017,Acceptable,51
261852004,Xerotic eczema,389734019,Acceptable,51
156338009,Contact dermatitis/eczema (& [allergic eczema - extrinsic] or [occupational eczema]),536768019,Preferred,52
156338009,Contact dermatitis/eczema (& [allergic eczema - extrinsic] or [occupational eczema]),243890012,Preferred,52
156338009,Allergic eczema - extrinsic,243894015,Acceptable,52
156338009,Contact dermatitis,243893014,Acceptable,52
156338009,Contact dermatitis/eczema,243891011,Acceptable,52
156338009,Contact eczema,243892016,Acceptable,52
156338009,Dermatitis - contact,243897010,Acceptable,52
156338009,Eczema - contact,243898017,Acceptable,52
156338009,Extrinsic allergic eczema,243896018,Acceptable,52
156338009,Occupational eczema,243895019,Acceptable,52
260956008,,652772013,Preferred,53
260956008,Pruritus hiemalis,388617010,Preferred,53
260956008,Eczema craquel,388619013,Acceptable,53
260956008,Winter itch,388618017,Acceptable,53
260956008,Xerotic eczema,388620019,Acceptable,53
419735006,Scaling eczema (disorder),2573453013,Preferred,54
419735006,Scaling eczema,2576747016,Preferred,54
419735006,Desquamative eczema,2579746012,Acceptable,54
419735006,Desquamative eczematous dermatitis,2579747015,Acceptable,54
419735006,Exfoliative eczema,2579748013,Acceptable,54
419735006,Scaling eczematous dermatitis,2579749017,Acceptable,54
309259008,Eczema of foot (disorder),,Preferred,55
309259008,Eczema of foot,452627017,Preferred,55
267846008,(Contact dermatitis NOS) or (discoid eczema) or (nummular eczema) (disorder),2713136014,Preferred,56
267846008,(Contact dermatitis NOS) or (discoid eczema) or (nummular eczema),400043014,Preferred,56
267846008,Contact dermatitis NOS,400041011,Acceptable,56
267846008,Discoid eczema,400042016,Acceptable,56
267846008,Nummular eczema,400040012,Acceptable,56
402234004,Foot eczema (disorder),1770158013,Preferred,57
402234004,Foot eczema,1781401016,Preferred,57
402234004,Eczema of foot,2477046015,Acceptable,57
81418003,Nummular eczema (disorder),822687012,Preferred,58
81418003,Nummular eczema,135068011,Preferred,58
81418003,Discoid eczema,3302693013,Acceptable,58
81418003,Nummular dermatitis,135069015,Acceptable,58
81418003,Nummular eczematous dermatitis,135070019,Acceptable,58
81418003,Nummular eczema (disorder),822687012,Preferred,59
81418003,Nummular eczema,135068011,Preferred,59
81418003,Discoid eczema,3302693013,Acceptable,59
81418003,Nummular dermatitis,135069015,Acceptable,59
81418003,Nummular eczematous dermatitis,135070019,Acceptable,59
260956008,Pruritus hiemalis (disorder),652772013,Preferred,60
260956008,Pruritus hiemalis,388617010,Preferred,60
260956008,Eczema craquel,388619013,Acceptable,60
260956008,Winter itch,388618017,Acceptable,60
260956008,Xerotic eczema,388620019,Acceptable,60
156348006,(Contact dermatitis NOS) or (discoid eczema) or (nummular eczema) (disorder),2714895017,Preferred,61
156348006,(Contact dermatitis NOS) or (discoid eczema) or (nummular eczema),243916018,Preferred,61
156348006,Contact dermatitis NOS,243917010,Acceptable,61
156348006,Discoid eczema,243919013,Acceptable,61
156348006,Nummular eczema,243918017,Acceptable,61
201077008,Asteatotic eczema (disorder),1762726018,Preferred,62
201077008,Asteatotic eczema,308910012,Preferred,62
201077008,Eczema craquele,1784840017,Acceptable,62
201077008,Eczema craquelé,1784841018,Acceptable,62
201033001,,2747370012,Preferred,63
201033001,Discoid eczema,308831014,Preferred,63
201033001,Discoid eczema (disorder),2747370012,Preferred,64
201033001,Discoid eczema,308831014,Preferred,64
300924008,Eczema of face (disorder),,Preferred,65
300924008,Eczema of face,442123013,Preferred,65
123701000,Crusted eczema (disorder),726687014,Preferred,66
123701000,Crusted eczema,192190019,Preferred,66
123701000,Crusted eczematous dermatitis,203381010,Acceptable,66
200778002,Discoid eczema (disorder),,Preferred,67
200778002,Discoid eczema,308496012,Preferred,67
200778002,Discoid eczema (disorder),2728472011,Preferred,68
200778002,Discoid eczema,308496012,Preferred,68
200885007,,2714344011,Preferred,69
200885007,Eczema: [discoid] or [NOS],308626010,Preferred,69
200885007,Discoid eczema,308627018,Acceptable,69
200885007,Eczema NOS,308628011,Acceptable,69
200780008,(Contact dermatitis [& other eczemas]) or (contact eczema) or (occupational dermatitis) (disorder),2754135016,Preferred,70
200780008,(Contact dermatitis [& other eczemas]) or (contact eczema) or (occupational dermatitis),308498013,Preferred,70
200780008,Contact dermatitis,308501013,Acceptable,70
200780008,Contact dermatitis and other eczemas,308500014,Acceptable,70
200780008,Contact eczema,308502018,Acceptable,70
200780008,Occupational dermatitis,308499017,Acceptable,70
7867008,,2743723012,Preferred,71
7867008,Pruritus hiemalis,14003019,Preferred,71
7867008,Eczema craquelé,14007018,Acceptable,71
81418003,Nummular eczema (disorder),822687012,Preferred,72
81418003,Nummular eczema,135068011,Preferred,72
81418003,Discoid eczema,3302693013,Acceptable,72
81418003,Nummular dermatitis,135069015,Acceptable,72
81418003,Nummular eczematous dermatitis,135070019,Acceptable,72
300926005,Eczema of wrist (disorder),,Preferred,73
300926005,Eczema of wrist,442125018,Preferred,73
792661000000109,Infected eczema (disorder),1772131000000116,Preferred,74
792661000000109,Infected eczema,1772141000000113,Preferred,74
792661000000109,Infective eczema,1772121000000118,Acceptable,74
13201000132100,Eczema of scalp (disorder),3334351017,Preferred,75
13201000132100,Eczema of scalp,3334352012,Preferred,75
792521000000102,Pustular eczema (disorder),1771831000000118,Preferred,76
792521000000102,Pustular eczema,1771841000000110,Preferred,76
200728004,(Pustular eczema) or (other specified local infection of skin or subcutaneous tissue) (disorder),2759422015,Preferred,77
200728004,(Pustular eczema) or (other specified local infection of skin or subcutaneous tissue),308412010,Preferred,77
200728004,Other specified local infection of skin or subcutaneous tissue,308414011,Acceptable,77
200728004,Pustular eczema,308413017,Acceptable,77
367338000,Infective dermatitis (disorder),773968010,Preferred,78
367338000,Infective dermatitis,490922011,Preferred,78
367338000,Infected eczema,490924012,Acceptable,78
367338000,Infective eczema,490923018,Acceptable,78
7867008,Pruritus hiemalis (disorder),2743723012,Preferred,79
7867008,Pruritus hiemalis,14003019,Preferred,79
7867008,Eczema craquelé,14007018,Acceptable,79
201077008,Asteatotic eczema (disorder),1762726018,Preferred,80
201077008,Asteatotic eczema,308910012,Preferred,80
201077008,Eczema craquele,1784840017,Acceptable,80
201077008,Eczema craquelé,1784841018,Acceptable,80
201077008,Asteatotic eczema (disorder),1762726018,Preferred,81
201077008,Asteatotic eczema,308910012,Preferred,81
201077008,Eczema craquele,1784840017,Acceptable,81
201077008,Eczema craquelé,1784841018,Acceptable,81
24079001,Atopic dermatitis (disorder),753674011,Preferred,82
24079001,Atopic dermatitis,40423010,Preferred,82
24079001,AD - Atopic dermatitis,1223210015,Acceptable,82
24079001,Allergic dermatitis,40430016,Acceptable,82
24079001,Allergic eczema,40427011,Acceptable,82
24079001,Atopic eczema,40426019,Acceptable,82
24079001,Disseminated neurodermatitis,40432012,Acceptable,82
57092006,Flexural eczema (disorder),795676017,Preferred,83
57092006,Flexural eczema,94953018,Preferred,83
267846008,(Contact dermatitis NOS) or (discoid eczema) or (nummular eczema) (disorder),2713136014,Preferred,84
267846008,(Contact dermatitis NOS) or (discoid eczema) or (nummular eczema),400043014,Preferred,84
267846008,Contact dermatitis NOS,400041011,Acceptable,84
267846008,Discoid eczema,400042016,Acceptable,84
267846008,Nummular eczema,400040012,Acceptable,84
238472003,Friction eczema (disorder),,Preferred,85
238472003,Friction eczema,357418018,Preferred,85
123700004,Pustular eczema (disorder),726685018,Preferred,86
123700004,Pustular eczema,192189011,Preferred,86
123700004,Pustular eczematous dermatitis,203380011,Acceptable,86
7867008,Pruritus hiemalis (disorder),2743723012,Preferred,87
7867008,Pruritus hiemalis,14003019,Preferred,87
7867008,Eczema craquelé,14007018,Acceptable,87
400079002,,1767999017,Preferred,88
400079002,Infected eczema,1779345010,Preferred,88
400079002,Infective eczema,2536664015,Acceptable,88
35498005,Stasis dermatitis (disorder),767143011,Preferred,89
35498005,Stasis dermatitis,59231017,Preferred,89
35498005,Gravitational eczema,486191017,Acceptable,89
35498005,Stasis eczema,59233019,Acceptable,89
156348006,(Contact dermatitis NOS) or (discoid eczema) or (nummular eczema) (disorder),2714895017,Preferred,90
156348006,(Contact dermatitis NOS) or (discoid eczema) or (nummular eczema),243916018,Preferred,90
156348006,Contact dermatitis NOS,243917010,Acceptable,90
156348006,Discoid eczema,243919013,Acceptable,90
156348006,Nummular eczema,243918017,Acceptable,90
366362000,Varicose eczema (disorder),772847019,Preferred,91
366362000,Varicose eczema,489882019,Preferred,91
366362000,Varicose dermatitis,3033492018,Acceptable,91
366362000,Venous eczema,489883012,Acceptable,91
261852004,Asteatotic eczema (disorder),653778016,Preferred,92
261852004,Asteatotic eczema,389732015,Preferred,92
261852004,Eczema craquel,389733013,Acceptable,92
261852004,Eczema craquele,389735018,Acceptable,92
261852004,Winter eczema,389736017,Acceptable,92
261852004,Xerotic eczema,389734019,Acceptable,92
156334006,Infantile eczema (disorder),2725959015,Preferred,93
156334006,Infantile eczema,243885014,Preferred,93
402224008,Fingertip eczema (disorder),1770148014,Preferred,94
402224008,Fingertip eczema,1781391013,Preferred,94
367338000,Infective dermatitis (disorder),773968010,Preferred,95
367338000,Infective dermatitis,490922011,Preferred,95
367338000,Infected eczema,490924012,Acceptable,95
367338000,Infective eczema,490923018,Acceptable,95
25560004,Dyshidrosis (disorder),755891014,Preferred,96
25560004,Dyshidrosis,42845010,Preferred,96
25560004,Cheiropodopompholyx,482981014,Acceptable,96
25560004,Cheiropompholyx,42847019,Acceptable,96
25560004,Chiropompholyx,42852012,Acceptable,96
25560004,Dyshidria,42849016,Acceptable,96
25560004,Dyshidrotic dermatitis,42846011,Acceptable,96
25560004,Dyshidrotic eczema,42854013,Acceptable,96
25560004,Dysidria,42851017,Acceptable,96
25560004,Dysidrosis,42850016,Acceptable,96
25560004,Pompholyx,42848012,Acceptable,96
25560004,Pompholyx eczema,482982019,Acceptable,96
25560004,Pompholyx of hands,482985017,Acceptable,96
25560004,Vesicular eczema of hands and feet,482983012,Acceptable,96
25560004,Vesicular hand eczema,482984018,Acceptable,96
200771008,Infantile eczema (disorder),2718947017,Preferred,97
200771008,Infantile eczema,308487012,Preferred,97
200771008,Infantile eczema (disorder),2718947017,Preferred,98
200771008,Infantile eczema,308487012,Preferred,98
200765002,Infective eczematoid dermatitis (disorder),2759380012,Preferred,99
200765002,Dermatitis infectiosa eczematoides,308481013,Preferred,99
200765002,Microbial eczema,2107691000000110,Acceptable,99
200765002,[Infective eczematoid dermatitis] or [Pustular eczema] or [Septic dermatitis],2107921000000115,Acceptable,99
238583005,Saliva-induced contact dermatitis (disorder),627483010,Preferred,100
238583005,Saliva-induced contact dermatitis,357579018,Preferred,100
238583005,Lip licking eczema,357580015,Acceptable,100
402197001,,1770121013,Preferred,101
402197001,Adult atopic dermatitis,1781373015,Preferred,101
402197001,Adult atopic eczema,1787505018,Acceptable,101
275700003,Varicose veins of the leg with eczema (disorder),668526016,Preferred,102
275700003,Varicose veins of the leg with eczema,411635018,Preferred,102
275700003,Varicose eczema leg,411636017,Acceptable,102
83252008,Occupational eczema (disorder),,Preferred,103
83252008,Occupational eczema,138068012,Preferred,103
762389001,Eczema of lower leg (disorder),3636540010,Preferred,104
762389001,Eczema of lower leg,3636541014,Preferred,104
225055005,Occupational eczema (disorder),612254017,Preferred,105
225055005,Occupational eczema,338236010,Preferred,105
238564003,Psoriasiform eczema (disorder),627461011,Preferred,106
238564003,Psoriasiform eczema,357545019,Preferred,106
238563009,Discoid hand eczema (disorder),627459019,Preferred,107
238563009,Discoid hand eczema,357544015,Preferred,107
238990009,Eczematous drug eruption (disorder),627946019,Preferred,108
238990009,Eczematous drug eruption,358160011,Preferred,108
238990009,Drug-induced eczema,358159018,Acceptable,108
11737004,,688557014,Preferred,109
11737004,Eczema nasi of dogs,20272013,Preferred,109
11737004,Collie nose,20274014,Acceptable,109
11737004,Nasal solar dermatitis,20273015,Acceptable,109
402291009,Contact hand eczema (disorder),1770215015,Preferred,110
402291009,Contact hand eczema,1781455017,Preferred,110
402291009,Contact dermatitis of hands,1787549016,Acceptable,110
402291009,Contact eczema of hands,1787550016,Acceptable,110
200888009,Erythroderma (disorder),1762718014,Preferred,111
200888009,Erythroderma,585689012,Preferred,111
200888009,Erythematous eczema,1784827010,Acceptable,111
200888009,Erythrodermic eczema,1784828017,Acceptable,111
402233005,Chronic hand eczema (disorder),1770157015,Preferred,112
402233005,Chronic hand eczema,1781400015,Preferred,112
402233005,Chronic hand dermatitis,1787533018,Acceptable,112
778331000000100,Gravitational eczema,1743781000000111,Preferred,113
778331000000100,Gravitational eczema,1741091000000111,Preferred,113
111209006,Photoallergic dermatitis (disorder),629273016,Preferred,114
111209006,Photoallergic dermatitis,178438016,Preferred,114
111209006,Allergic photocontact eczema,1219614010,Acceptable,114
111209006,Photoallergic contact dermatitis,189129010,Acceptable,114
111209006,Photoallergic eczema,359799019,Acceptable,114
238598007,Site-specific eczema (disorder),627500013,Preferred,115
238598007,Site-specific eczema,357610018,Preferred,115
238523008,Photoallergic eczema,627415011,Preferred,116
238523008,Photoallergic eczema,357481019,Preferred,116
367334003,,773964012,Preferred,117
367334003,Photoallergic eczema,490917011,Preferred,117
400005007,Erythrodermic eczema (disorder),1767925019,Preferred,118
400005007,Erythrodermic eczema,1779279014,Preferred,118
155464008,Gravitational eczema (disorder),2753581015,Preferred,119
155464008,Gravitational eczema,242122017,Preferred,119
238566001,,627463014,Preferred,120
238566001,Flexural seborrhoeic dermatitis,357553010,Preferred,120
238566001,Eczematous intertrigo,357556019,Acceptable,120
238566001,Flexural seborrheic dermatitis,357550013,Acceptable,120
238566001,Flexural seborrheic eczema,357551012,Acceptable,120
238566001,Flexural seborrhoeic eczema,357555015,Acceptable,120
238566001,Seborrheic intertrigo,357552017,Acceptable,120
238566001,Seborrhoeic intertrigo,357554016,Acceptable,120
238603004,Eczematized psoriasis (disorder),627505015,Preferred,121
238603004,Eczematised psoriasis,357616012,Preferred,121
238603004,Eczematized psoriasis,357617015,Acceptable,121
402227001,,1770151019,Preferred,122
402227001,Exogenous hand eczema,1781394017,Preferred,122
402227001,Exogenous hand dermatitis,1787528017,Acceptable,122
342571000119100,Eczematous dermatitis of left eyelid (disorder),3769405019,Preferred,123
342571000119100,Eczematous dermatitis of left eyelid,3769403014,Preferred,123
342571000119100,Eczema of left eyelid,3769404015,Acceptable,123
402192007,Atopic dermatitis of face (disorder),1770116010,Preferred,124
402192007,Atopic dermatitis of face,1781368014,Preferred,124
402192007,Atopic eczema of face,1787499019,Acceptable,124
402228006,,1770152014,Preferred,125
402228006,Exogenous foot eczema,1781395016,Preferred,125
402228006,Exogenous foot dermatitis,1787529013,Acceptable,125
402222007,Vesicular hand eczema (disorder),1770146013,Preferred,126
402222007,Vesicular hand eczema,1781389017,Preferred,126
402222007,Cheiropompholyx,1787525019,Acceptable,126
402222007,Chiropompholyx,2536695010,Acceptable,126
402222007,Dyshidrotic eczema of hands,1787526018,Acceptable,126
402222007,Pompholyx of hands,2536696011,Acceptable,126
402222007,Vesiculosquamous hand eczema,3764197011,Acceptable,126
68670009,Contact dermatitis of eyelid (disorder),808530012,Preferred,127
68670009,Contact dermatitis of eyelid,114057013,Preferred,127
68670009,Contact eczema eyelid,1233078019,Acceptable,127
402295000,Post-traumatic eczema (disorder),1770219014,Preferred,128
402295000,Post-traumatic eczema,1781459011,Preferred,128
281104002,Unclassifiable eczema (disorder),674596015,Preferred,129
281104002,Unclassifiable eczema,419026012,Preferred,129
194220004,Acute eczematoid otitis externa &/or eczema of external ear (disorder),2716067019,Preferred,130
194220004,Acute eczematoid otitis externa &/or eczema of external ear,298980019,Preferred,130
194220004,Acute eczematoid otitis extern,298982010,Acceptable,130
194220004,Eczema of external ear,298981015,Acceptable,130
238553001,,3761601016,Preferred,131
238553001,Constitutional eczema of hand,3761604012,Preferred,131
238553001,Endogenous hand eczema,357530014,Acceptable,131
402191000,Atopic dermatitis of scalp (disorder),1770115014,Preferred,132
402191000,Atopic dermatitis of scalp,1781367016,Preferred,132
402191000,Atopic eczema of scalp,1787498010,Acceptable,132
780843004,Chronic eczema of foot (disorder),3744056011,Preferred,133
780843004,Chronic eczema of foot,3744055010,Preferred,133
176491000000104,Exacerbation of eczema,,Preferred,134
176491000000104,Exacerbation of eczema,235471000000111,Preferred,134
238541000,Atopic dermatitis of hands (disorder),627435012,Preferred,135
238541000,Atopic dermatitis of hands,357508013,Preferred,135
238541000,Atopic eczema of hands,357507015,Acceptable,135
342541000119107,Eczematous dermatitis of right eyelid (disorder),3769425015,Preferred,136
342541000119107,Eczematous dermatitis of right eyelid,3769424016,Preferred,136
342541000119107,Eczema of right eyelid,3769426019,Acceptable,136
367122003,Exacerbation of eczema (disorder),2750943016,Preferred,137
367122003,Exacerbation of eczema,490687017,Preferred,137
11011007,Acute infantile eczema (disorder),618988014,Preferred,138
11011007,Acute infantile eczema,19101017,Preferred,138
402572008,Discoid eczema of hand (disorder),1770496017,Preferred,139
402572008,Discoid eczema of hand,1781690016,Preferred,139
238473008,,627358014,Preferred,140
238473008,Friction palmar eczema,357419014,Preferred,140
95812002,Eczema of external auditory canal (disorder),840045013,Preferred,141
95812002,Eczema of external auditory canal,158687011,Preferred,141
95812002,Eczema of external ear,512310013,Acceptable,141
95812002,Eczematous otitis externa,512311012,Acceptable,141
135843006,Exacerbation of eczema (disorder),514352016,Preferred,142
135843006,Exacerbation of eczema,216603019,Preferred,142
402183009,Flexural atopic dermatitis (disorder),1770107011,Preferred,143
402183009,Flexural atopic dermatitis,1781360019,Preferred,143
402183009,Flexural atopic eczema,1787493018,Acceptable,143
402566008,Hand and/or foot eczema (disorder),1770490011,Preferred,144
402566008,Hand and/or foot eczema,1781684015,Preferred,144
402301004,,1770225013,Preferred,145
402301004,Acute constitutional eczema,1781463016,Preferred,145
402301004,Acute endogenous eczema,1787553019,Acceptable,145
402215004,Infected discoid eczema (disorder),1770139016,Preferred,146
402215004,Infected discoid eczema,1781382014,Preferred,146
402215004,Infected nummular dermatitis,1787513017,Acceptable,146
402195009,Infantile atopic dermatitis (disorder),1770119015,Preferred,147
402195009,Infantile atopic dermatitis,1781371018,Preferred,147
402195009,Infantile atopic eczema,1787503013,Acceptable,147
402196005,Childhood atopic dermatitis (disorder),1770120014,Preferred,148
402196005,Childhood atopic dermatitis,1781372013,Preferred,148
402196005,Childhood atopic eczema,1787504019,Acceptable,148
402202008,Acute seborrheic dermatitis (disorder),1770126015,Preferred,149
402202008,Acute seborrhoeic dermatitis,1773587018,Preferred,149
402202008,Acute seborrheic dermatitis,1774873017,Acceptable,149
402202008,Acute seborrheic eczema,1784141016,Acceptable,149
402202008,Acute seborrhoeic eczema,1783755011,Acceptable,149
193918001,Contact &/or allergic eyelid dermatitis (disorder),3085166018,Preferred,150
193918001,Contact &/or allergic eyelid dermatitis,298557018,Preferred,150
193918001,Allergic dermatitis - eyelid,298558011,Acceptable,150
193918001,Allergic dermatitis eyelid,298561012,Acceptable,150
193918001,Contact eczema - eyelids,298559015,Acceptable,150
193918001,Contact or allergic eyelid dermatitis,298560013,Acceptable,150
238545009,Follicular atopic dermatitis (disorder),627440016,Preferred,151
238545009,Follicular atopic dermatitis,357513012,Preferred,151
238545009,Follicular atopic eczema,357514018,Acceptable,151
978003,,842451015,Preferred,152
978003,Chronic infantile eczema,2719018,Preferred,152
402193002,Atopic dermatitis of eyelid (disorder),1770117018,Preferred,153
402193002,Atopic dermatitis of eyelid,1781369018,Preferred,153
402193002,Atopic dermatitis of eyelids,1787501010,Acceptable,153
402193002,Atopic eczema of eyelids,1787500011,Acceptable,153
479281000000106,[X]Dermatitis and eczema (disorder),,Preferred,154
479281000000106,[X]Dermatitis and eczema,965321000000110,Preferred,154
737172003,Eczema of male genitalia (disorder),3527081012,Preferred,155
737172003,Eczema of male genitalia,3527080013,Preferred,155
201358002,[X]Dermatitis and eczema (disorder),586220010,Preferred,156
201358002,[X]Dermatitis and eczema,309315018,Preferred,156
201201000,Podopompholyx (disorder),586044016,Preferred,157
201201000,Podopompholyx,309092014,Preferred,157
201201000,Vesicular eczema of feet,309093016,Acceptable,157
402214000,Exudative discoid eczema (disorder),1770138012,Preferred,158
402214000,Exudative discoid eczema,1781381019,Preferred,158
402214000,Discoid eczema (exudative type),1787512010,Acceptable,158
238556009,Hyperkeratotic eczema of palms (disorder),627452011,Preferred,159
238556009,Hyperkeratotic eczema of palms,357533011,Preferred,159
238556009,Psoriasiform hand eczema,357534017,Acceptable,159
238556009,Psoriasiform palmar eczema,357535016,Acceptable,159
402210009,Facial seborrheic dermatitis (disorder),1770134014,Preferred,160
402210009,Facial seborrhoeic dermatitis,1773595019,Preferred,160
402210009,Facial seborrheic dermatitis,1774881016,Acceptable,160
402210009,Facial seborrheic eczema,1784147017,Acceptable,160
402210009,Facial seborrhoeic eczema,1783761014,Acceptable,160
402254003,Allergic contact dermatitis of hands (disorder),1770178017,Preferred,161
402254003,Allergic contact dermatitis of hands,1781419013,Preferred,161
402254003,Allergic eczema of hands,1787539019,Acceptable,161
238546005,Pruriginous atopic dermatitis (disorder),627441017,Preferred,162
238546005,Pruriginous atopic dermatitis,357516016,Preferred,162
238546005,Pruriginous atopic eczema,357515017,Acceptable,162
402204009,Chronic seborrheic dermatitis (disorder),1770128019,Preferred,163
402204009,Chronic seborrhoeic dermatitis,1773589015,Preferred,163
402204009,Chronic seborrheic dermatitis,1774875012,Acceptable,163
402204009,Chronic seborrheic eczema,1784143018,Acceptable,163
402204009,Chronic seborrhoeic eczema,1783757015,Acceptable,163
402186001,Generalized atopic dermatitis (disorder),1770110016,Preferred,164
402186001,Generalised atopic dermatitis,1773586010,Preferred,164
402186001,Generalised atopic eczema,1783754010,Acceptable,164
402186001,Generalized atopic dermatitis,1774872010,Acceptable,164
402186001,Generalized atopic eczema,1784140015,Acceptable,164
511301000000107,Referral to eczema clinic,1137111000000117,Preferred,165
511301000000107,Referral to eczema clinic,1137121000000111,Preferred,165
70394001,Phlyctenular conjunctivitis (disorder),810445010,Preferred,166
70394001,Phlyctenular conjunctivitis,116940014,Preferred,166
70394001,Eczematous conjunctivitis,200147010,Acceptable,166
70394001,Scrofular conjunctivitis,200146018,Acceptable,166
511291000000108,Referral to eczema clinic (procedure),1137091000000110,Preferred,167
511291000000108,Referral to eczema clinic,1137101000000119,Preferred,167
402302006,Chronic constitutional eczema (disorder),1770226014,Preferred,168
402302006,Chronic constitutional eczema,1781464010,Preferred,168
402302006,Chronic endogenous eczema,1787554013,Acceptable,168
238565002,Truncal seborrheic dermatitis (disorder),627462016,Preferred,169
238565002,Truncal seborrhoeic dermatitis,357547010,Preferred,169
238565002,Truncal seborrheic dermatitis,357549013,Acceptable,169
238565002,Truncal seborrheic eczema,357548017,Acceptable,169
238565002,Truncal seborrhoeic eczema,357546018,Acceptable,169
78145006,Intrinsic allergic eczema (disorder),819053018,Preferred,170
78145006,Intrinsic allergic eczema,129688014,Preferred,170
402569001,,1770493013,Preferred,171
402569001,Chronic vesicular eczema of hands and feet,1781687010,Preferred,171
402569001,Chronic cheiropodopompholyx,1787591019,Acceptable,171
402569001,Chronic vesicular eczema of hands AND feet,1787592014,Acceptable,171
48596006,Scurfiness of scalp (disorder),786181017,Preferred,172
48596006,Scurfiness of scalp,495144017,Preferred,172
48596006,Dandruff,495145016,Acceptable,172
48596006,Pityriasis capitis,495147012,Acceptable,172
48596006,Pityriasis sicca,495148019,Acceptable,172
48596006,Pityriasis simplex,80977015,Acceptable,172
48596006,Pityriasis streptogenes,80978013,Acceptable,172
48596006,Scurf,495146015,Acceptable,172
48596006,Seborrhea capitis,495149010,Acceptable,172
48596006,Seborrhea sicca,495152019,Acceptable,172
48596006,Seborrheic dermatitis of scalp,495150010,Acceptable,172
48596006,Seborrheic eczema of scalp,495151014,Acceptable,172
48596006,Seborrhoea capitis,495153012,Acceptable,172
48596006,Seborrhoea sicca,495154018,Acceptable,172
48596006,Seborrhoeic dermatitis of scalp,495156016,Acceptable,172
48596006,Seborrhoeic eczema of scalp,495155017,Acceptable,172
402209004,Perianal seborrheic dermatitis (disorder),1770133015,Preferred,173
402209004,Perianal seborrhoeic dermatitis,1773594015,Preferred,173
402209004,Perianal seborrheic dermatitis,1774880015,Acceptable,173
402209004,Perianal seborrheic eczema,1784146014,Acceptable,173
402209004,Perianal seborrhoeic eczema,1783760010,Acceptable,173
156329007,Seborrheic dermatitis of scalp (disorder),1762541015,Preferred,174
156329007,Seborrhoeic dermatitis of scalp,243878010,Preferred,174
156329007,Seborrhea capitis,1783857013,Acceptable,174
156329007,Seborrheic dermatitis of scalp,243879019,Acceptable,174
156329007,Seborrheic eczema of scalp,1783858015,Acceptable,174
156329007,Seborrhoea capitis,1783489011,Acceptable,174
156329007,Seborrhoeic eczema of scalp,1783488015,Acceptable,174
238544008,Erythrodermic atopic dermatitis (disorder),627438014,Preferred,175
238544008,Erythrodermic atopic dermatitis,357511014,Preferred,175
238544008,Erythrodermic atopic eczema,357512019,Acceptable,175
200772001,Allergic (intrinsic) eczema (disorder),585558016,Preferred,176
200772001,Allergic (intrinsic) eczema,308488019,Preferred,176
238562004,Hyperkeratotic eczema of soles (disorder),627458010,Preferred,177
238562004,Hyperkeratotic eczema of soles,357542016,Preferred,177
238562004,Psoriasiform plantar eczema,357543014,Acceptable,177
342551000119109,Eczematous dermatitis of left upper eyelid (disorder),3769417017,Preferred,178
342551000119109,Eczematous dermatitis of left upper eyelid,3769419019,Preferred,178
342551000119109,Eczema of left upper eyelid,3769418010,Acceptable,178
156335007,Allergic (intrinsic) eczema (disorder),2720319012,Preferred,179
156335007,Allergic (intrinsic) eczema,243886010,Preferred,179
402225009,Vesiculosquamous hand eczema (disorder),1770149018,Preferred,180
402225009,Vesiculosquamous hand eczema,1781392018,Preferred,180
267841003,,660508015,Preferred,181
267841003,Atopic eczema/dermatitis NOS,400017013,Preferred,181
156337004,Atopic eczema/dermatitis NOS (disorder),2725946011,Preferred,182
156337004,Atopic eczema/dermatitis NOS,243889015,Preferred,182
238547001,Photosensitive atopic dermatitis (disorder),627442012,Preferred,183
238547001,Photosensitive atopic dermatitis,357517013,Preferred,183
238547001,Light-sensitive atopic eczema,357518015,Acceptable,183
238547001,Photosensitive atopic eczema,357519011,Acceptable,183
676631000000102,Atopic eczema/dermatitis NOS (disorder),1483281000000115,Preferred,184
676631000000102,Atopic eczema/dermatitis NOS,1483271000000117,Preferred,184
238991008,Seborrheic eczema-like eruption (disorder),627947011,Preferred,185
238991008,Seborrhoeic eczema-like eruption,358161010,Preferred,185
238991008,Seborrheic eczema-like eruption,358162015,Acceptable,185
238991008,Seborrhoeic eczema-like rash,3013864013,Acceptable,185
402290005,Irritant contact hand eczema (disorder),1770214016,Preferred,186
402290005,Irritant contact hand eczema,1781454018,Preferred,186
402290005,Irritant contact hand dermatitis,1787548012,Acceptable,186
342521000119101,Eczematous dermatitis of right upper eyelid (disorder),3769431017,Preferred,187
342521000119101,Eczematous dermatitis of right upper eyelid,3769432012,Preferred,187
342521000119101,Eczema of right upper eyelid,3769430016,Acceptable,187
238543002,Discoid atopic dermatitis (disorder),627437016,Preferred,188
238543002,Discoid atopic dermatitis,357510010,Preferred,188
238543002,Discoid pattern atopic dermatitis,2475904010,Acceptable,188
238543002,Discoid pattern atopic eczema,2475905011,Acceptable,188
238548006,Photoaggravated atopic dermatitis (disorder),627443019,Preferred,189
238548006,Photoaggravated atopic dermatitis,357521018,Preferred,189
238548006,Photoaggravated atopic eczema,357520017,Acceptable,189
238591001,Disseminated secondary eczema (disorder),627492013,Preferred,190
238591001,Disseminated secondary eczema,357591010,Preferred,190
238559002,Constitutional eczema of foot (disorder),3761605013,Preferred,191
238559002,Constitutional eczema of foot,3761606014,Preferred,191
402184003,Discoid pattern atopic dermatitis (disorder),1770108018,Preferred,192
402184003,Discoid pattern atopic dermatitis,1781361015,Preferred,192
402184003,Discoid pattern atopic eczema,1787494012,Acceptable,192
402194008,,1770118011,Preferred,193
402194008,Cheilitis due to atopic dermatitis,1781370017,Preferred,193
402194008,Cheilitis due to atopic eczema,1787502015,Acceptable,193
402216003,Acute vesicular eczema of hand (disorder),1770140019,Preferred,194
402216003,Acute vesicular eczema of hand,1781383016,Preferred,194
402216003,Acute cheiropompholyx,1787514011,Acceptable,194
402216003,Acute dyshidrotic eczema of hands,1787515012,Acceptable,194
267666001,Acute eczematoid otitis extern (disorder),660312010,Preferred,195
267666001,Acute eczematoid otitis extern,399495019,Preferred,195
402586007,Secondary eczematous condition (disorder),1770510012,Preferred,196
402586007,Secondary eczematous condition,1781704011,Preferred,196
54272002,Acute eczematoid otitis externa (disorder),792485019,Preferred,197
54272002,Acute eczematoid otitis externa,90213019,Preferred,197
54272002,Acute eczematoid otitis extern,1788053014,Acceptable,197
784292007,Acute vesicular eczema of foot (disorder),3762926013,Preferred,198
784292007,Acute vesicular eczema of foot,3762925012,Preferred,198
402206006,,1770130017,Preferred,199
402206006,Pityriasiform seborrhoeic dermatitis,1773591011,Preferred,199
402206006,Pityriasiform seborrheic dermatitis,1774877016,Acceptable,199
402206006,Pityriasiform seborrheic eczema,2647583013,Acceptable,199
402206006,Pityriasiform seborrhoeic eczema,2647582015,Acceptable,199
414492009,Infective eczematoid dermatitis (disorder),2530718010,Preferred,200
414492009,Infective eczematoid dermatitis,2534172017,Preferred,200
414492009,Dermatitis infectiosa eczematoides,3316360016,Acceptable,200
414492009,Infectious eczematoid dermatitis,3317202015,Acceptable,200
402205005,,1770129010,Preferred,201
402205005,Erythrodermic seborrhoeic dermatitis,1773590012,Preferred,201
402205005,Erythrodermic seborrheic dermatitis,1774876013,Acceptable,201
402205005,Erythrodermic seborrheic eczema,1784144012,Acceptable,201
402205005,Erythrodermic seborrhoeic eczema,1783758013,Acceptable,201
792511000000108,Infective eczematoid dermatitis (disorder),1771811000000114,Preferred,202
792511000000108,Infective eczematoid dermatitis,1771821000000115,Preferred,202
719128001,Patient-Oriented Eczema Measure (assessment scale),3315101016,Preferred,203
719128001,POEM - Patient-Oriented Eczema Measure,3315103018,Preferred,203
719128001,Patient-Oriented Eczema Measure,3315102011,Acceptable,203
35342711000001106,Generic E45 Eczema Repair cream (product),106974401000001113,Preferred,204
35342711000001106,Generic E45 Eczema Repair cream,106974501000001112,Preferred,204
238558005,Constitutional fingertip eczema (disorder),627454012,Preferred,205
238558005,Constitutional fingertip eczema,357537012,Preferred,205
402229003,Acute constitutional hand eczema (disorder),1770153016,Preferred,206
402229003,Acute constitutional hand eczema,1781396015,Preferred,206
402229003,Acute constitutional hand dermatitis,1787530015,Acceptable,206
238551004,Hyperkeratotic eczema of palms and soles (disorder),3737675010,Preferred,207
238551004,Hyperkeratotic eczema of palms and soles,357526011,Preferred,207
238551004,Hyperkeratotic eczema of hands and feet,357525010,Acceptable,207
238551004,Psoriasiform palmoplantar eczema,357527019,Acceptable,207
81313008,Dermatitis infectiosa eczematoides (disorder),2750789016,Preferred,208
81313008,Dermatitis infectiosa eczematoides,134891016,Preferred,208
238552006,Discoid eczema of hands and feet (disorder),627447018,Preferred,209
238552006,Discoid eczema of hands and feet,357528012,Preferred,209
238561006,Chronic podopompholyx (disorder),627457017,Preferred,210
238561006,Chronic podopompholyx,357541011,Preferred,210
238561006,Chronic vesicular eczema of foot,3763229018,Acceptable,210
367522007,,777071018,Preferred,211
367522007,Infectious eczematoid dermatitis,492621013,Preferred,211
367522007,Dermatitis infectiosa eczematoides,2670748019,Acceptable,211
231797007,Seborrheic blepharitis (disorder),619775013,Preferred,212
231797007,Seborrhoeic blepharitis,347351016,Preferred,212
231797007,Blepharitis in seborrheic eczema,347352011,Acceptable,212
231797007,Blepharitis in seborrhoeic eczema,347350015,Acceptable,212
231797007,Seborrheic blepharitis,347349015,Acceptable,212
402190004,Atopy as co-factor in hand eczema (disorder),1770114013,Preferred,213
402190004,Atopy as co-factor in hand eczema,1781366013,Preferred,213
309461001,Chronic lichenified atopic dermatitis (disorder),705976015,Preferred,214
309461001,Chronic lichenified atopic dermatitis,452894019,Preferred,214
309461001,Chronic lichenified atopic eczema,452895018,Acceptable,214
402218002,Chronic vesicular eczema of hands (disorder),1770142010,Preferred,215
402218002,Chronic vesicular eczema of hands,1781385011,Preferred,215
402218002,Chronic cheiropompholyx,1787516013,Acceptable,215
402218002,Chronic dyshidrotic eczema of hands,1787517016,Acceptable,215
402185002,Discoid pattern atopic hand dermatitis (disorder),1770109014,Preferred,216
402185002,Discoid pattern atopic hand dermatitis,1781362010,Preferred,216
402185002,Discoid pattern atopic hand eczema,1787495013,Acceptable,216
238557000,Constitutional discoid hand eczema (disorder),627453018,Preferred,217
238557000,Constitutional discoid hand eczema,357536015,Preferred,217
238602009,Psoriasis-eczema overlap condition (disorder),627504016,Preferred,218
238602009,Psoriasis-eczema overlap condition,357615011,Preferred,218
402230008,Chronic constitutional hand eczema (disorder),1770154010,Preferred,219
402230008,Chronic constitutional hand eczema,1781397012,Preferred,219
402230008,Chronic constitutional hand dermatitis,1787531016,Acceptable,219
403178009,Eczema craquelé due to acute edema (disorder),1771104011,Preferred,220
403178009,Eczema craquelé due to acute oedema,1773691019,Preferred,220
403178009,Eczema craquele due to acute edema,2816405018,Acceptable,220
403178009,Eczema craquele due to acute oedema,2816406017,Acceptable,220
403178009,Eczema craquelé due to acute edema,1774977017,Acceptable,220
238549003,Constitutional eczema of hands and feet (disorder),627444013,Preferred,221
238549003,Constitutional eczema of hands and feet,357522013,Preferred,221
238549003,Endogenous eczema of hands and feet,357523015,Acceptable,221
402203003,Acute generalized seborrheic dermatitis (disorder),1770127012,Preferred,222
402203003,Acute generalised seborrhoeic dermatitis,1773588011,Preferred,222
402203003,Acute generalised seborrhoeic eczema,1783756012,Acceptable,222
402203003,Acute generalized seborrheic dermatitis,1774874011,Acceptable,222
402203003,Acute generalized seborrheic eczema,1784142011,Acceptable,222
238555008,Hyperkeratotic fissured eczema of palms (disorder),3737676011,Preferred,223
238555008,Hyperkeratotic fissured eczema of palms,3737671018,Preferred,223
238555008,Hyperkeratotic fissured hand eczema,357532018,Acceptable,223
402220004,Acute-on-chronic vesicular eczema of hands AND feet (disorder),1770144011,Preferred,224
402220004,Acute-on-chronic vesicular eczema of hands and feet,1781387015,Preferred,224
402220004,Acute-on-chronic cheiropodopompholyx,1787521011,Acceptable,224
402220004,Acute-on-chronic dyshidrotic eczema,1787520012,Acceptable,224
402220004,Acute-on-chronic vesicular eczema of hands AND feet,1787522016,Acceptable,224
267792000,Contact dermatitis and other eczemas (disorder),660452013,Preferred,225
267792000,Contact dermatitis and other eczemas,399912014,Preferred,225
666631000000109,Contact dermatitis and other eczemas (disorder),1463191000000114,Preferred,226
666631000000109,Contact dermatitis and other eczemas,1463201000000111,Preferred,226
719130004,Patient-Oriented Eczema Measure score (observable entity),3315107017,Preferred,227
719130004,POEM (Patient-Oriented Eczema Measure) score,3315109019,Preferred,227
719130004,Patient-Oriented Eczema Measure score,3315108010,Acceptable,227
195446009,,2725059017,Preferred,228
195446009,Varicose veins of the leg with eczema,300722018,Preferred,228
402573003,Exogenous eczema of hands and/or feet (disorder),1770497014,Preferred,229
402573003,Exogenous eczema of hands and/or feet,1781691017,Preferred,229
700343005,,2990087015,Preferred,230
700343005,Eczematous dermatitis of upper eyelid,2990072013,Preferred,230
700261003,Eczematous dermatitis of lower eyelid (disorder),2989729019,Preferred,231
700261003,Eczematous dermatitis of lower eyelid,2989726014,Preferred,231
1044531000000104,Patient-Oriented Eczema Measure (assessment scale),2632951000000117,Preferred,232
1044531000000104,POEM - Patient-Oriented Eczema Measure,2632961000000119,Preferred,232
35342811000001103,Generic E45 Eczema Repair cream 200 ml (product),107014001000001119,Preferred,233
35342811000001103,Generic E45 Eczema Repair cream 200 ml,107014101000001118,Preferred,233
1044541000000108,POEM - Patient Oriented Eczema Measure,2632971000000114,Preferred,234
1044541000000108,POEM - Patient Oriented Eczema Measure,2632981000000111,Preferred,234
402219005,,1770143017,Preferred,235
402219005,Acute-on-chronic vesicular eczema of feet,1781386012,Preferred,235
402219005,Acute-on-chronic dyshidrotic eczema of feet,1787518014,Acceptable,235
402219005,Acute-on-chronic podopompholyx,1787519018,Acceptable,235
427348001,Chronic eczema of external auditory canal (disorder),2662309013,Preferred,236
427348001,Chronic eczema of external auditory canal,2674115017,Preferred,236
238554007,Apron pattern of vesicular eczema of hands (disorder),627449015,Preferred,237
238554007,Apron pattern of vesicular eczema of hands,357531013,Preferred,237
402221000,Acute-on-chronic vesicular eczema of hands (disorder),1770145012,Preferred,238
402221000,Acute-on-chronic vesicular eczema of hands,1781388013,Preferred,238
402221000,Acute-on-chronic dyshidrotic eczema of hands,1787523014,Acceptable,238
402221000,Acute-on-chronic pompholyx of hands,1787524015,Acceptable,238
10624281000119106,,3326658010,Preferred,239
10624281000119106,Eczematous dermatitis of bilateral eyelids,3326659019,Preferred,239
402571001,Hyperkeratotic eczema of hands and/or feet (disorder),1770495018,Preferred,240
402571001,Hyperkeratotic eczema of hands and/or feet,1781689013,Preferred,240
402199003,Adult atopic dermatitis recurrent in adult life (disorder),1770123011,Preferred,241
402199003,Adult atopic dermatitis recurrent in adult life,1781375010,Preferred,241
402199003,Adult atopic eczema recurrent in adult life,1787507014,Acceptable,241
402568009,Acute vesicular eczema of hands and/or feet (disorder),1770492015,Preferred,242
402568009,Acute vesicular eczema of hands and/or feet,1781686018,Preferred,242
402287004,,1770211012,Preferred,243
402287004,Contact with irritant as co-factor in eczema,1781451014,Preferred,243
1046001000000107,Patient-Oriented Eczema Measure score (observable entity),2635941000000110,Preferred,244
1046001000000107,POEM (Patient-Oriented Eczema Measure) score,2635931000000118,Preferred,244
402200000,,1770124017,Preferred,245
402200000,Adult atopic dermatitis commencing in adult life,1781376011,Preferred,245
402200000,Adult atopic eczema commencing in adult life,1787508016,Acceptable,245
84036008,"Polymorphous light eruption, eczematous type (disorder)",825795014,Preferred,246
84036008,"Polymorphous light eruption, eczematous type",139346015,Preferred,246
402198006,Adult atopic dermatitis persistent from childhood (disorder),1770122018,Preferred,247
402198006,Adult atopic dermatitis persistent from childhood,1781374014,Preferred,247
402198006,Adult atopic eczema persistent from childhood,1787506017,Acceptable,247
402217007,Chronic vesicular eczema of hands and/or feet (disorder),1770141015,Preferred,248
402217007,Chronic vesicular eczema of hands and/or feet,1781384010,Preferred,248
402226005,Chronic relapsing vesiculosquamous hand eczema (disorder),1770150018,Preferred,249
402226005,Chronic relapsing vesiculosquamous hand eczema,1781393011,Preferred,249
195447000,,579547010,Preferred,250
195447000,Varicose veins of the leg with ulcer and eczema,300723011,Preferred,250
719129009,Assessment using Patient-Oriented Eczema Measure (procedure),3315104012,Preferred,251
719129009,Assessment using POEM (Patient-Oriented Eczema Measure),3315106014,Preferred,251
719129009,Assessment using Patient-Oriented Eczema Measure,3315105013,Acceptable,251
402583004,,1770507017,Preferred,252
402583004,Exposure to skin irritant as co-factor in eczema,1781701015,Preferred,252
41486008,Eczematid-like purpura of Doucas and Kapetanakis (disorder),778279013,Preferred,253
41486008,Eczematid-like purpura of Doucas and Kapetanakis,69201014,Preferred,253
402286008,Contact with irritant as co-factor in hand eczema (disorder),1770210013,Preferred,254
402286008,Contact with irritant as co-factor in hand eczema,1781450010,Preferred,254
36070007,Wiskott-Aldrich syndrome (disorder),767779011,Preferred,255
36070007,Wiskott-Aldrich syndrome,60191017,Preferred,255
36070007,Aldrich syndrome,1228352013,Acceptable,255
36070007,"Eczema, thrombocytopenia, immunodeficiency syndrome",1228350017,Acceptable,255
36070007,Immunodeficiency with thrombocytopenia AND eczema,60193019,Acceptable,255
36070007,WAS - Wiskott-Aldrich syndrome,1228351018,Acceptable,255
36070007,Wiskott Aldrich syndrome,3036167017,Acceptable,255
402231007,Constitutional factors as co-factor in hand eczema (disorder),1770155011,Preferred,256
402231007,Constitutional factors as co-factor in hand eczema,1781398019,Preferred,256
402188000,Atopic dermatitis aggravated by type 1 immune reaction (disorder),1770112012,Preferred,257
402188000,Atopic dermatitis aggravated by type 1 immune reaction,1781364011,Preferred,257
402188000,Atopic eczema aggravated by type 1 immune reaction,1787496014,Acceptable,257
402588008,Constitutional predisposition as co-factor in eczema (disorder),1770512016,Preferred,258
402588008,Constitutional predisposition as co-factor in eczema,1781706013,Preferred,258
402574009,Constitutional/endogenous eczema of hands and/or feet (disorder),1770498016,Preferred,259
402574009,Constitutional/endogenous eczema of hands and/or feet,1781692012,Preferred,259
403613008,,3293674017,Preferred,260
403613008,Localised eczema due to systemically administered drug,1773747013,Preferred,260
403613008,Localised eczema caused by systemically administered drug,3292055019,Acceptable,260
403613008,Localized eczema caused by systemically administered drug,3293817018,Acceptable,260
403613008,Localized eczema due to systemically administered drug,1775033015,Acceptable,260
402570000,Acute-on-chronic vesicular eczema of hands and/or feet (disorder),1770494019,Preferred,261
402570000,Acute-on-chronic vesicular eczema of hands and/or feet,1781688017,Preferred,261
1044551000000106,Assessment using Patient-Oriented Eczema Measure (procedure),2633001000000112,Preferred,262
1044551000000106,Assessment using POEM (Patient-Oriented Eczema Measure),2632991000000113,Preferred,262
403612003,,3291634018,Preferred,263
403612003,Generalised eczema due to systemically administered drug,1773746016,Preferred,263
403612003,Generalised eczema caused by systemically administered drug,3292394013,Acceptable,263
403612003,Generalized eczema caused by systemically administered drug,3295312016,Acceptable,263
403612003,Generalized eczema due to systemically administered drug,1775032013,Acceptable,263
134311000001109,Eumovate Eczema and Dermatitis 0.05% cream (GlaxoSmithKline) (product),17028101000001110,Preferred,264
134311000001109,Eumovate Eczema and Dermatitis 0.05% cream (GlaxoSmithKline Consumer Healthcare),37717901000001115,Preferred,264
35342911000001108,E45 Eczema Repair cream (Reckitt Benckiser Healthcare (UK) Ltd) (product),106991001000001111,Preferred,265
35342911000001108,E45 Eczema Repair cream (Reckitt Benckiser Healthcare (UK) Ltd),106991101000001112,Preferred,265
1927311000001101,Eumovate Eczema and Dermatitis 0.05% cream (GlaxoSmithKline) 15 gram (product),25510501000001113,Preferred,266
1927311000001101,Eumovate Eczema and Dermatitis 0.05% cream (GlaxoSmithKline Consumer Healthcare) 15 gram,38014301000001116,Preferred,266
313346003,Varicose veins of leg in long saphenous vein distribution with eczema (disorder),710118017,Preferred,267
313346003,Varicose veins of leg in long saphenous vein distribution with eczema,457237012,Preferred,267
14229511000001109,Eumovate Eczema and Dermatitis 0.05% cream (Sigma Pharmaceuticals Plc) (product),50550701000001111,Preferred,268
14229511000001109,Eumovate Eczema and Dermatitis 0.05% cream (Sigma Pharmaceuticals Plc),50550801000001119,Preferred,268
313347007,Varicose veins of leg in short saphenous vein distribution with eczema (disorder),710119013,Preferred,269
313347007,Varicose veins of leg in short saphenous vein distribution with eczema,457238019,Preferred,269
35343011000001100,E45 Eczema Repair cream (Reckitt Benckiser Healthcare (UK) Ltd) 200 ml (product),107039201000001117,Preferred,270
35343011000001100,E45 Eczema Repair cream (Reckitt Benckiser Healthcare (UK) Ltd) 200 ml,107039301000001114,Preferred,270
14229611000001108,Eumovate Eczema and Dermatitis 0.05% cream (Sigma Pharmaceuticals Plc) 15 gram (product),50583301000001111,Preferred,271
14229611000001108,Eumovate Eczema and Dermatitis 0.05% cream (Sigma Pharmaceuticals Plc) 15 gram,50583401000001115,Preferred,271
20584311000001102,Boots Derma Care Eczema & Dermatitis Flare-Up 0.05% cream (The Boots Company Plc) (product),69297001000001113,Preferred,272
20584311000001102,Boots Derma Care Eczema & Dermatitis Flare-Up 0.05% cream (The Boots Company Plc),69297101000001114,Preferred,272
20584411000001109,Boots Derma Care Eczema & Dermatitis Flare-Up 0.05% cream (The Boots Company Plc) 15 gram (product),69329401000001113,Preferred,273
20584411000001109,Boots Derma Care Eczema & Dermatitis Flare-Up 0.05% cream (The Boots Company Plc) 15 gram,69329501000001112,Preferred,273
